,material_name,formula,class,−ΔSm(H = 2T) (J kg⁻¹ K⁻¹),−ΔSm(H = 5T) (J kg⁻¹ K⁻¹),Curie temperature (K),source (experimental),−ΔSm(H = 2T) (J cm⁻³ K⁻¹),−ΔSm(H = 5T) (J cm⁻³ K⁻¹),energy of spin-polarization (eV/atom),"magnetic deformation (Σm), %",largest local moment (µB),gravimetric moment (emu/g),volumetric moment (emu/cm³),moment per atom (µB/atom),element carrying largest moment,average magnetic moment (µB),spin polarization at fermi level (%),nonmag. DOS at fermi level (states/eV/atom),nonmag. DOS at fermi level (states/eV/mag. ion),density (g/cm³),spacegroup number,spacegroup symbol,closest magnetic ion spacing (Å),number of unique magnetic sites,natoms,cid
0,MnFe2Si,MnFe2Si,heusler,1.7,0.7,250.0,"<a href=""dx.doi.org/10.1021/acs.chemmater.6b04729"">dx.doi.org/10.1021/acs.chemmater.6b04729</a>",227.73756010913908,93.77428945670434,0.21727177250000018,0.3885698889839067,2.539,86.07050263503754,642.4932910032173,0.7501832,Mn,1.0002442666666667,100.0,4.055113954448977,5.40681860593197,7.464732647461867,225.0,Fm-3m,2.4139649774999996,2,4.0,0
1,MnNi2Ga_FM-PM,MnNi2Ga,heusler,1.5,,329.0,"<a href=""http://dx.doi.org/10.1016/S0921-4526(02)01119-5"">http://dx.doi.org/10.1016/S0921-4526(02)01119-5</a>",181.59482452761523,,0.3083984925000003,0.7515483628335914,3.384,93.69558330502798,773.939319708803,1.01516625,Mn,1.353555,-27.30750699326652,2.8863560673076982,3.848474756410264,8.260147302666626,225.0,Fm-3m,2.5094283824999994,2,4.0,1
2,MnCoP,MnCoP,Ni2In-TiNiSi,3.1,6.0,583.0,"<a href=""dx.doi.org/10.1021/acs.chemmater.6b04729"">dx.doi.org/10.1021/acs.chemmater.6b04729</a>",434.52624229154384,841.0185334675042,0.12901980750000064,3.030272518455252,2.737,114.8611963272989,819.4435087207527,0.9929615166666667,Mn,1.489442275,8.832948796588411,1.162909456740415,1.7443641851106224,7.134206633071579,62.0,Pnma,2.5505367701039496,2,12.0,2
3,FeB,FeB,boride,1.7,3.2,573.0,"<a href=""dx.doi.org/10.1021/acs.chemmater.6b04729"">dx.doi.org/10.1021/acs.chemmater.6b04729</a>",242.79276783852157,457.0216806372171,0.05710855375000001,2.16675580625294,1.258,96.60014989085754,676.3803398117634,0.5764529625,Fe,1.152905925,-78.26037543829177,0.6444328997999995,1.288865799599999,7.00185600722114,62.0,Pnma,2.5964187836900425,1,8.0,3
4,Ni,Ni,close packed,1.4,2.5,627.0,"<a href=""dx.doi.org/10.1021/acs.chemmater.6b04729"">dx.doi.org/10.1021/acs.chemmater.6b04729</a>",154.96639663912762,276.7257082841565,0.06383270499999938,0.06550509550584012,0.617,55.56428846556853,501.9798197472875,0.583931425,Ni,0.583931425,-80.68080082166826,4.312801950867056,4.312801950867056,9.034216645433133,225.0,Fm-3m,2.480205227359181,1,4.0,4
5,Y2Fe17,Y2Fe17,close packed,2.5,4.8,300.0,"<a href=""http://dx.doi.org/10.1016/j.cap.2016.05.013"">http://dx.doi.org/10.1016/j.cap.2016.05.013</a>",336.69960128549417,646.4632344681487,0.14507836736842106,1.9764309800946573,2.612,187.3498023382226,1391.0753207230935,1.990070507894737,Fe,1.990070507894737,-18.83767893944702,2.2724420583894527,2.2724420583894527,7.425016217587384,194.0,P6_3/mmc,2.3511720809057852,6,38.0,5
6,MnFePAs-Prich,MnFeP0.667As0.333,Fe2P,11.0,16.0,225.0,"<a href=""http://dx.doi.org/10.1016/S0921-4526(02)01119-5"">http://dx.doi.org/10.1016/S0921-4526(02)01119-5</a>",1522.9205143166844,2215.157111733359,0.10945201333333425,3.1385180242881408,2.998,146.04369385697754,1054.8683383830844,1.3633018555555556,Mn,2.044952783333333,-39.7678322343053,1.5836135894925332,2.3754203842387995,7.222963967318783,189.0,P-62m,2.582358024998925,2,9.0,6
7,MnNi2Ga,MnNi2Ga,heusler,,,379.0,"<a href=""http://dx.doi.org/10.1080/00107516908204800"">http://dx.doi.org/10.1080/00107516908204800</a>",,,0.3083984925000003,0.7515483628335914,3.384,93.69558330502798,773.939319708803,1.01516625,Mn,1.353555,-27.30750699326652,2.8863560673076982,3.848474756410264,8.260147302666626,225.0,Fm-3m,2.5094283824999994,2,4.0,7
8,MnNi2Ga,MnNi2Ga,heusler,,,379.0,"<a href=""http://dx.doi.org/10.1080/00107516908204800"">http://dx.doi.org/10.1080/00107516908204800</a>",,,0.30837666999999946,0.7431739485279302,3.384,93.69411580177466,773.9482529217086,1.01515035,Mn,1.3535338000000001,-27.320423540439933,2.9084662186094525,3.8779549581459367,8.260372023352284,225.0,Fm-3m,2.509405628291395,2,4.0,8
9,Fe3GeTe2,Fe3GeTe2,layered,,1.1,225.0,"<a href=""http://dx.doi.org/10.1021/acs.inorgchem.5b01260"">http://dx.doi.org/10.1021/acs.inorgchem.5b01260</a>",,157.1006674159101,0.12983516833333297,1.238053258133719,2.449,70.78315524299774,495.6151494962537,1.04638035,Fe,2.0927607,35.993273970412446,2.0850252542288503,4.170050508457701,7.001879865270385,194.0,P6_3/mmc,2.474846348214026,2,12.0,9
10,FeRu2Sn,FeRu2Sn,heusler,0.29,0.57,545.0,"<a href=""dx.doi.org/10.1021/acs.chemmater.6b04729"">dx.doi.org/10.1021/acs.chemmater.6b04729</a>",27.899495347251282,54.83693913080425,0.2683627674999993,0.6683522956657306,3.141,61.67937330997226,641.1233621705713,1.04003185,Fe,1.3867091333333335,61.74967054841532,2.3375620224113454,3.1167493632151273,10.394453246931988,225.0,Fm-3m,2.693599760322754,2,4.0,10
11,Mn3GaC_FM-PM,Mn3GaC,antiperovskite,2.5,4.5,250.0,"<a href=""http://dx.doi.org/10.1088/1674-1056/22/6/067501"">http://dx.doi.org/10.1088/1674-1056/22/6/067501</a>",337.74775991890226,607.9459678540242,0.09881196000000045,0.44209606003654606,1.789,94.96754418468123,702.9472542429608,0.83846168,Mn,1.3974361333333334,-39.77236321207144,1.5768315578182013,2.628052596363669,7.401973592956717,221.0,Pm-3m,2.6941343735995305,1,5.0,11
12,MnP,MnP,NiAs,1.8,3.8,290.0,"<a href=""http://dx.doi.org/10.1063/1.3072022"">http://dx.doi.org/10.1063/1.3072022</a>",291.5025396821728,615.3942504401425,0.008149739999999461,0.4124658329296356,0.795,46.93829994025151,289.83946412464053,0.3610164875,Mn,0.722032975,-47.2101343757335,1.199863189250003,2.399726378500006,6.1749033197534136,62.0,Pnma,2.6984528185438608,1,8.0,12
13,MnFePSiGe,MnFeGe0.333P0.333Si0.333,Fe2P,14.0,35.0,275.0,"<a href=""http://dx.doi.org/10.1063/1.2170589"">http://dx.doi.org/10.1063/1.2170589</a>",1963.8401188195032,4909.600297048758,0.2232878288888887,6.141137063257688,2.883,154.67060117869556,1102.629687493801,1.427924888888889,Mn,2.1418873333333335,26.070123520755118,1.3363824365202301,2.004573654780345,7.1288899059744395,174.0,P-6,2.632740812835638,2,9.0,13
14,CrO2,CrO2,oxide,6.8,,396.0,"<a href=""http://iopscience.iop.org/article/10.1088/0953-8984/18/44/L01/meta"">http://iopscience.iop.org/article/10.1088/0953-8984/18/44/L01/meta</a>",1407.854927090721,,0.1378062033333336,3.091538289811825,2.13,132.96759826787104,642.2392327666716,0.6665831166666667,Cr,1.99974935,100.0,0.8964737387128726,2.689421216138618,4.830043116766259,136.0,P4_2/mnm,2.9225415799999994,1,6.0,14
15,La2MnNiO6_cubic,La2MnNiO6,oxide,1.0,2.1,280.0,"<a href=""http://dx.doi.org/10.1063/1.4874943"">http://dx.doi.org/10.1063/1.4874943</a>",142.95257699469423,300.20041168885786,0.19459149900000056,0.26913085515757773,2.955,57.21723590481213,400.2532665566133,0.49937153,Mn,2.49685765,,1.9773605595442174,9.886802797721087,6.99532684910686,225.0,Fm-3m,3.867619329192412,2,10.0,15
16,SrRuO3,SrRuO3,oxide,0.6,2.0,160.0,"<a href=""http://dx.doi.org/10.1016/j.jallcom.2007.05.022"">http://dx.doi.org/10.1016/j.jallcom.2007.05.022</a>",95.09683697416156,316.9894565805385,0.02206599050000051,0.16685017982482261,1.411,47.30974824262469,298.49414395651706,0.40099048000000004,Ru,2.0049524,-83.91724058044451,1.2299106378125004,6.149553189062502,6.309358114224388,62.0,Pnma,3.957743329999998,1,20.0,16
17,MnB,MnB,boride,5.1,9.4,571.0,"<a href=""dx.doi.org/10.1021/acs.chemmater.6b04729"">dx.doi.org/10.1021/acs.chemmater.6b04729</a>",774.5188043138178,1427.5444628529192,0.09279763875000135,1.7192468959354295,1.927,155.07676188110412,1021.139165619508,0.9128154875,Mn,1.825630975,32.85484068657733,1.1633583475217393,2.3267166950434786,6.584733606975917,62.0,Pnma,2.6221896641042943,1,8.0,17
18,MnNiSb,MnNiSb,half heusler,1.5,3.0,765.0,"<a href=""dx.doi.org/10.1021/acs.chemmater.6b04729"">dx.doi.org/10.1021/acs.chemmater.6b04729</a>",197.30400519586897,394.60801039173793,0.5259680900000004,1.6138845963420354,3.683,94.89560476380099,721.44205589944,1.3331909,Mn,1.99978635,100.0,1.0082797388755005,1.5124196083132508,7.602481249739,216.0,F-43m,2.555928902694127,2,3.0,18
19,AlFe2B2-conv,AlFe2B2,layered,4.5,7.5,275.0,"<a href=""http://dx.doi.org/10.1021/ja404107p"">http://dx.doi.org/10.1021/ja404107p</a>",769.2712886977052,1282.1188144961752,0.028894081000001393,2.119297667397275,1.372,92.32592814255834,540.0782308473433,0.52996418,Fe,1.32491045,-13.689927920505616,0.6481774332598428,1.620443583149607,5.849691865685021,65.0,Cmmm,2.7052901045876356,1,10.0,19
20,Fe2P,Fe2P,Fe2P,1.5,2.9,223.0,"<a href=""dx.doi.org/10.1021/acs.chemmater.6b04729"">dx.doi.org/10.1021/acs.chemmater.6b04729</a>",209.79348363926178,405.6007350359061,0.06744990333333413,1.2347983500369604,2.269,116.74091850085003,834.6845417390449,0.9940136444444444,Fe,1.4910204666666667,-79.65408641669352,1.1611787443919477,1.7417681165879217,7.149888423509083,189.0,P-62m,2.5756009462340947,2,9.0,20
21,Fe3C,Fe3C,intercalation,3.1,,475.0,"<a href=""http://dx.doi.org/10.1016/j.jmmm.2016.02.080"">http://dx.doi.org/10.1016/j.jmmm.2016.02.080</a>",390.6276907826257,,0.07741122874999995,1.0538432060878102,1.932,170.1533831094256,1350.3279467526177,1.3675160375,Fe,1.8233547166666666,-36.12758417252206,1.8571352635679135,2.4761803514238845,7.935945334006214,62.0,Pnma,2.4704424958777973,2,16.0,21
22,Fe5Si3,Fe5Si3,Mn5Si3,1.0,2.8,373.0,"<a href=""http://dx.doi.org/10.1016/S0925-8388(01)01776-5"">http://dx.doi.org/10.1016/S0925-8388(01)01776-5</a>",149.23521361763778,417.8585981293858,0.0825021962500001,0.9601352897787276,1.783,111.65457327745702,748.1784665349305,0.90833419375,Fe,1.45333471,-24.985214541464014,1.236042119628913,1.977667391406261,6.700831363850523,193.0,P6_3/mcm,2.3349015599999996,2,16.0,22
23,LaMnO3,LaMnO3,oxide,3.0,7.0,300.0,"<a href=""http://dx.doi.org/10.1016/j.jmmm.2006.07.025"">http://dx.doi.org/10.1016/j.jmmm.2006.07.025</a>",458.27981295317863,1069.3195635574168,0.17653276900000064,1.428374044097415,2.895,71.20565046129447,466.1277790250563,0.61666953,Mn,3.08334765,-14.589291437506422,1.5586817376841977,7.793408688420988,6.546218958823095,62.0,Pnma,3.9381028099999984,1,20.0,23
24,Mn5Ge3,Mn5Ge3,Mn5Si3,3.8,9.4,300.0,"<a href=""http://dx.doi.org/10.1016/S0925-8388(01)01935-1"">http://dx.doi.org/10.1016/S0925-8388(01)01935-1</a>",507.13035557931306,1254.480353275143,0.18827983874999976,2.330442507323326,3.123,152.48372592042728,1142.5822811093822,1.6811782125,Mn,2.6898851400000003,-13.323196429865769,1.9584663155280166,3.1335461048448265,7.493142459711614,193.0,P6_3/mcm,2.4809262199999997,2,16.0,24
25,Mn5PB2,Mn5PB2,boride,2.6,5.0,302.0,"<a href=""http://dx.doi.org/10.1063/1.3518064"">http://dx.doi.org/10.1063/1.3518064</a>",370.8416037572088,713.1569303023247,0.06670419187500087,1.1740270065071747,1.737,138.02182434333798,967.6819959165731,1.01102526875,Mn,1.6176404300000002,34.409520948396164,1.6004024787500035,2.5606439660000055,7.011079592089749,140.0,I4/mcm,2.4937242216051345,2,16.0,25
26,MnAs-h,MnAs,NiAs,20.0,30.0,318.0,"<a href=""http://dx.doi.org/10.1063/1.1419048"">http://dx.doi.org/10.1063/1.1419048</a>",2948.2708781343545,4422.406317201532,0.2097815900000004,3.9734174489695184,2.907,121.48039564562185,824.0789307832787,1.4123009,Mn,2.8246018,-29.861009009941743,0.802097205769203,1.604194411538406,6.783637198443537,194.0,P6_3/mmc,2.757001765,1,4.0,26
27,MnCoGe-o,MnCoGe,Ni2In-TiNiSi,3.0,6.0,235.0,"<a href=""http://dx.doi.org/10.1109/TMAG.2006.884516"">http://dx.doi.org/10.1109/TMAG.2006.884516</a>",355.57817442371874,711.1563488474375,0.16846437833333283,1.9334742153146038,2.693,90.70788651531137,765.2991075365119,1.00973085,Mn,1.514596275,-8.83754131557436,2.2386529979411844,3.357979496911777,8.43696327779978,62.0,Pnma,2.5531625635018824,2,12.0,27
28,MnFeGe-h,MnFeGe,Ni2In-TiNiSi,0.75,1.6,235.0,"<a href=""http://dx.doi.org/10.1109/TMAG.2006.884516"">http://dx.doi.org/10.1109/TMAG.2006.884516</a>",89.6628090963029,191.28065940544616,0.19871694833333345,1.4230148620997287,2.427,83.76263705168562,700.6469953589105,0.9169798833333332,Mn,1.375469825,6.7804421775561865,2.835791641975325,4.253687462962987,8.364672126148289,194.0,P6_3/mmc,2.510517655,2,6.0,28
29,MnFePSi-PRich,MnFeP0.667Si0.333,Fe2P,16.0,,250.0,"<a href=""http://dx.doi.org/10.1016/j.jallcom.2012.11.127"">http://dx.doi.org/10.1016/j.jallcom.2012.11.127</a>",2400.5461950338167,,0.0999050055555557,5.015077360238151,2.932,171.1291012802934,1140.6010957627595,1.4380161,Mn,2.1570241500000003,5.239100200343416,0.5289366206597235,0.7934049309895852,6.6651498034490455,189.0,P-62m,2.6089644947083244,2,9.0,29
30,MnNi2Sn,MnNi2Sn,heusler,1.15,2.1,350.0,"<a href=""dx.doi.org/10.1021/acs.chemmater.6b04729"">dx.doi.org/10.1021/acs.chemmater.6b04729</a>",131.5420167354873,240.20716099523767,0.35590498500000045,0.9267930087968604,3.596,79.96100533554667,699.0553924742367,1.04169376875,Mn,1.388925025,-16.286674756751065,3.6794485912340815,4.905931454978775,8.742453769068252,225.0,Fm-3m,2.6184294581206426,2,16.0,30
31,MnSi,MnSi,B20,2.2,3.55,31.0,"<a href=""http://dx.doi.org/10.1063/1.2768005"">http://dx.doi.org/10.1063/1.2768005</a>",367.06156672228315,592.3038917564113,0.027106496250000056,0.22965758492405694,1.071,66.89969823620517,400.96634859897085,0.4972471,Mn,0.9944942,-75.25052603111696,1.1099294577765484,2.219858915553097,5.993544951178473,198.0,P2_13,2.768985124857154,1,8.0,31
32,Mn3Sn2,Mn3Sn2,NiAs,1.9,3.5,280.0,"<a href=""http://dx.doi.org/10.1063/1.3074093"">http://dx.doi.org/10.1063/1.3074093</a>",240.12315862404134,442.3321343074446,0.13095590749999958,2.7564748981388276,2.768,107.3447830301001,849.3769985614791,1.546203615,Mn,2.5770060249999998,-21.034744088241425,1.9925627215651946,3.3209378692753244,7.912606226269132,62.0,Pnma,2.6184443503480686,2,20.0,32
33,MnFePAs-AsRich,MnFeP0.333As0.667,Fe2P,12.0,33.0,325.0,"<a href=""http://dx.doi.org/10.1016/S0921-4526(02)01119-5"">http://dx.doi.org/10.1016/S0921-4526(02)01119-5</a>",1568.5069178696228,4313.394024141463,0.1957168044444444,5.057420931302533,2.956,141.72027058132016,1084.2433830548157,1.4468524444444446,Mn,2.170278666666667,-56.81558148549845,1.5498616925984297,2.3247925388976447,7.6505878700864365,189.0,P-62m,2.7024810425627463,2,9.0,33
34,Mn3AlC,Mn3AlC,antiperovskite,1.6,3.5,288.0,"<a href=""http://dx.doi.org/10.1088/1674-1056/22/6/067501"">http://dx.doi.org/10.1088/1674-1056/22/6/067501</a>",259.5017500197838,567.6600781682771,0.08885121800000065,0.4331285778669625,1.638,107.02568555981607,659.8841698857549,0.78111072,Mn,1.3018512,-45.70459885021139,1.7437751963185888,2.906291993864315,6.165661695452997,221.0,Pm-3m,2.6872870273021645,1,5.0,34
35,MnSb,MnSb,NiAs,,,600.0,"<a href=""http://dx.doi.org/10.1103/PhysRev.129.2008"">http://dx.doi.org/10.1103/PhysRev.129.2008</a>",,,-0.0018532599999998567,0.028806832057132047,2.404,73.02893258241765,610.1267353888245,1.155243475,Mn,2.31048695,-49.680076602493024,1.7190635791596618,3.4381271583193236,8.354589254063914,194.0,P6_3/mmc,2.4052048,1,4.0,35
36,Fe23Y6,Fe23Y6,other,,,485.0,"<a href=""http://dx.doi.org/10.1016/0038-1098(76)91181-9"">http://dx.doi.org/10.1016/0038-1098(76)91181-9</a>",,,0.1494644634482756,1.79050312577753,2.524,152.7528040427641,1066.2848241155084,1.7144738379310345,Fe,1.7144738379310345,-51.04105941877876,1.5694723624418336,1.5694723624418336,6.980459905776887,225.0,Fm-3m,2.4579244533455507,5,29.0,36
37,Fe3Y,Fe3Y,other,,,549.0,"<a href=""http://dx.doi.org/10.1016/0038-1098(76)91181-9"">http://dx.doi.org/10.1016/0038-1098(76)91181-9</a>",,,0.10411229083333377,1.2490050284442633,2.144,82.40103408121858,591.3579006594892,0.9458814333333333,Fe,0.9458814333333333,2.3581698474522317,2.628752858077952,2.628752858077952,7.17658348894769,166.0,R-3m,2.4346589205104476,5,12.0,37
38,Co5Y,Co5Y,other,,,921.0,"<a href=""https://books.google.com/books?id=AZVfuxXF2GsC"">https://books.google.com/books?id=AZVfuxXF2GsC</a>",,,0.11325215166666662,0.9767027843816121,1.562,105.23936063213193,812.5321293111682,1.2046211166666667,Co,1.2046211166666667,-86.35036036747546,2.5186642943452364,2.5186642943452364,7.720800700713151,191.0,P6/mmm,2.429449058445108,3,6.0,38
39,Co7La2,Co7La2,other,,,490.0,"<a href=""http://dx.doi.org/10.1063/1.1656420"">http://dx.doi.org/10.1063/1.1656420</a>",,,5.346750000020014e-05,0.02451426771831417,0.436,2.221944452008167,17.462865610258447,0.026427158333333336,Co,0.3171259,10.740808510521138,1.6032781969759478,19.239338363711372,7.85927190685425,166.0,R-3m,4.9212606,1,12.0,39
40,Fe2Y,Fe2Y,laves,,,550.0,"<a href=""http://dx.doi.org/10.1016/0038-1098(76)91734-8"">http://dx.doi.org/10.1016/0038-1098(76)91734-8</a>",,,0.16797293500000046,0.9332771140180639,1.992,86.01599559387694,605.4074972806228,1.0298091166666665,Fe,1.0298091166666665,22.85318108921119,2.4261763614516134,2.4261763614516134,7.0383129684279195,227.0,Fd-3m,2.5577169928495747,2,6.0,40
41,Fe3P,Fe3P,close packed,,,716.0,"<a href=""http://dx.doi.org/10.1063/1.1709566"">http://dx.doi.org/10.1063/1.1709566</a>",,,0.1257480450000008,1.590311862208776,2.223,157.3238082583982,1169.7388419007311,1.397947825,Fe,1.8639304333333333,-27.675638126856544,1.5016148956699888,2.002153194226652,7.435230909103604,82.0,I-4,2.3762627270579015,3,16.0,41
42,Fe3N,Fe3N,close packed,,,550.0,"<a href=""http://dx.doi.org/10.1063/1.1709566"">http://dx.doi.org/10.1063/1.1709566</a>",,,0.1560121062499995,1.882990736403735,2.127,187.83232332709235,1405.3778363100846,1.5263831375,Fe,2.035177516666667,-49.45262972122671,1.6836989037298389,2.244931871639785,7.482087275589682,182.0,P6_322,2.6328269103330646,1,8.0,42
43,Fe2CoN,Fe2CoN,close packed,,,488.0,"<a href=""http://dx.doi.org/10.1021/cm3031297"">http://dx.doi.org/10.1021/cm3031297</a>",,,0.12342404624999936,1.8535470404348924,2.182,155.39064979563574,1193.6951968551527,1.2842327375,Fe,1.7123103166666667,-60.83017041990261,1.836692690624994,2.448923587499992,7.681898482470201,5.0,C2,2.578684096609648,3,8.0,43
44,Fe2NiN,Fe2NiN,close packed,,,234.0,"<a href=""http://dx.doi.org/10.1021/cm3031297"">http://dx.doi.org/10.1021/cm3031297</a>",,,0.12586242250000002,1.3881835333233818,2.07,126.33671142051553,965.4717098443906,1.042759125,Fe,1.6684145999999997,-56.19003398503379,1.8161986753846107,2.905917880615377,7.642051933984486,5.0,C2,2.5706554941104622,3,8.0,44
45,Fe3Ge-hex,Fe3Ge,close packed,,,640.0,"<a href=""http://dx.doi.org/10.1088/0305-4608/6/11/015"">http://dx.doi.org/10.1088/0305-4608/6/11/015</a>",,,0.21945654625,1.7049250151162307,2.201,147.84756522847923,1236.7976136749967,1.5894936875,Fe,2.119324916666667,-30.80258890350473,4.087292278806912,5.449723038409217,8.365356654765916,194.0,P6_3/mmc,2.494765442961284,1,8.0,45
46,Co2B,Co2B,boride,,,429.0,"<a href=""http://dx.doi.org/10.1007/BF00817215"">http://dx.doi.org/10.1007/BF00817215</a>",,,0.048663178333332745,0.8330163903327129,1.045,83.08167207541278,683.6834041582063,0.6380622333333333,Co,0.95709335,-52.985662986124524,2.831368518294569,4.247052777441853,8.229052052992271,140.0,I4/mcm,2.34724907636966,1,6.0,46
47,Co3B,Co3B,boride,,,747.0,"<a href=""http://dx.doi.org/10.1007/BF00817215"">http://dx.doi.org/10.1007/BF00817215</a>",,,0.08364189562499913,0.6135866736668572,1.255,105.62928899973849,881.5620973807324,0.88707129375,Co,1.182761725,-59.530174151377445,2.018329508828133,2.691106011770844,8.345811145078473,62.0,Pnma,2.4292235090325653,2,16.0,47
48,CoS2,CoS2,pyrite,,,130.0,"<a href=""http://dx.doi.org/10.1063/1.1656326"">http://dx.doi.org/10.1063/1.1656326</a>",,,0.014476973333332902,0.35671206014108653,0.909,45.16091269916242,222.38978928145067,0.33170075833333335,Co,0.995102275,78.14009474298923,1.5434290493023275,4.630287147906983,4.9243865101418836,205.0,Pa-3,3.8860947074909444,1,12.0,48
49,CrNb3S6,CrNb3S6,layered,,,160.0,"<a href=""http://dx.doi.org/10.1016/0022-4596(70)90001-0"">http://dx.doi.org/10.1016/0022-4596(70)90001-0</a>",,,0.06277450550000055,0.9204958561453671,2.836,32.087699775288044,157.35675824681508,0.30054152,Cr,3.0054152,92.37118223916806,0.6840829914230767,6.840829914230767,4.9039588175155355,182.0,P6_322,5.802598750000016,1,20.0,49
50,CrTa3S6,CrTa3S6,layered,,,170.0,"<a href=""http://dx.doi.org/10.1016/0022-4596(70)90001-0"">http://dx.doi.org/10.1016/0022-4596(70)90001-0</a>",,,0.0444199784999995,0.029903124588226342,2.676,21.65466998077334,166.8430505554318,0.305231875,Cr,3.05231875,93.95110241154573,0.7223190828701918,7.2231908287019175,7.704714535181914,182.0,P6_322,5.739236867522912,1,20.0,50
51,MnNb3S6,MnNb3S6,layered,,,48.0,"<a href=""http://dx.doi.org/10.1016/0022-4596(70)90001-0"">http://dx.doi.org/10.1016/0022-4596(70)90001-0</a>",,,0.04736922499999992,2.2512793341731987,3.866,44.95166804190769,215.01115244633462,0.42339656999999997,Mn,4.2339657,72.64378486447463,0.01947310915789465,0.1947310915789465,4.783162935041328,182.0,P6_322,5.835606466218969,1,20.0,51
52,MnTa3S6,MnTa3S6,layered,,,80.0,"<a href=""http://dx.doi.org/10.1016/0022-4596(70)90001-0"">http://dx.doi.org/10.1016/0022-4596(70)90001-0</a>",,,0.005019688000000144,0.6178519507775715,1.755,12.566283281841464,97.7143427891297,0.1777891,Mn,1.777891,-35.13980394853526,0.012660590021928403,0.12660590021928403,7.775914373212398,182.0,P6_322,5.729650709290846,1,20.0,52
53,CrNb3Se6,CrNb3Se6,layered,,,105.0,"<a href=""http://dx.doi.org/10.1016/0022-4596(70)90001-0"">http://dx.doi.org/10.1016/0022-4596(70)90001-0</a>",,,0.07513119050000086,0.9180606359224599,3.004,21.104554353655438,138.7251911833973,0.303994475,Cr,3.03994475,92.45440046285721,0.7261895527766983,7.261895527766983,6.573234803196366,182.0,P6_322,6.057750710005833,1,20.0,53
54,CrTa3Se6,CrTa3Se6,layered,,,120.0,"<a href=""http://dx.doi.org/10.1016/0022-4596(70)90001-0"">http://dx.doi.org/10.1016/0022-4596(70)90001-0</a>",,,0.07381283300000092,1.0790995637076122,3.079,15.960014464115439,140.06085994599113,0.305369155,Cr,3.05369155,91.56291362350042,0.6942887156078431,6.942887156078431,8.775735151174489,182.0,P6_322,6.016991017159874,1,20.0,54
55,MnNb4S8,MnNb4S8,layered,,,100.0,"<a href=""http://dx.doi.org/10.1143/JPSJ.55.347"">http://dx.doi.org/10.1143/JPSJ.55.347</a>",,,0.044997029230769994,1.5305521274571123,3.724,29.68920646700086,140.07061042148615,0.2793224846153846,Mn,3.6311923,50.27204520577623,0.7153000106612688,9.298900138596494,4.717896740594016,194.0,P6_3/mmc,6.152947839999996,1,26.0,55
56,MnTa4S8,MnTa4S8,layered,,,75.0,"<a href=""http://dx.doi.org/10.1143/JPSJ.55.347"">http://dx.doi.org/10.1143/JPSJ.55.347</a>",,,0.046605923076923586,1.8412055902766982,3.885,21.725757854339207,154.91537137132045,0.3097800615384615,Mn,4.0271408,29.432335091181734,0.5276604529832767,6.859585888782597,7.13049332547816,194.0,P6_3/mmc,6.233459734999999,1,26.0,56
57,Cr2Te3,Cr2Te3,Ni2In-TiNiSi,,,180.0,"<a href=""http://dx.doi.org/10.1016/0304-8853(87)90416-1"">http://dx.doi.org/10.1016/0304-8853(87)90416-1</a>",,,0.32049028349999986,3.734555237860815,3.189,69.34126610543473,444.43903206355117,1.20876589,Cr,3.021914725,88.75677537783436,3.403829468520025,8.509573671300062,6.409445010533455,163.0,P-31c,3.1561869775800786,3,20.0,57
58,Cr3Te4,Cr3Te4,Ni2In-TiNiSi,,,317.0,"<a href=""http://dx.doi.org/10.1007/BF00560631"">http://dx.doi.org/10.1007/BF00560631</a>",,,0.269812501428571,6.462334766852076,3.401,83.71771838281076,536.0139966638337,1.426998542857143,Cr,3.329663266666667,98.120090203259,1.0903185329714276,2.5440765769333313,6.402635033755174,12.0,C2/m,3.22045234287217,2,7.0,58
59,CuCr2Se4,CuCr2Se4,spinel,,,430.0,"<a href=""http://dx.doi.org/10.1016/0022-3697(78)90008-2"">http://dx.doi.org/10.1016/0022-3697(78)90008-2</a>",,,0.3006563435714286,1.2742596795258905,2.86,59.27888306764766,338.55535748248786,0.7329356642857142,Cr,2.565274825,69.93242797803097,2.5552056300621113,8.94321970521739,5.711230373489603,227.0,Fd-3m,3.6763808298342133,1,14.0,59
60,CuCr2S4,CuCr2S4,spinel,,,375.0,"<a href=""http://dx.doi.org/10.1143/JPSJ.25.369"">http://dx.doi.org/10.1143/JPSJ.25.369</a>",,,0.23868153642857134,1.35958599612285,2.741,94.88998798167128,392.1739734367644,0.7179508285714286,Cr,2.5128279,82.50924055816496,2.271574642111774,7.950511247391209,4.132933113159586,227.0,Fd-3m,3.4765388133810817,1,14.0,60
61,CuCr2Te4,CuCr2Te4,spinel,,,329.0,"<a href=""http://dx.doi.org/10.1143/JPSJ.25.369"">http://dx.doi.org/10.1143/JPSJ.25.369</a>",,,0.32613820500000046,1.3830756113724376,2.959,44.34456546260411,283.87890765140605,0.7689698142857143,Cr,2.69139435,64.9548068560175,6.137890248380572,21.482615869332,6.401661729909201,227.0,Fd-3m,3.9615684126934005,1,14.0,61
62,Ba2MnReO6,Ba2MnReO6,oxide,,,110.0,"<a href=""http://dx.doi.org/10.1088/0953-8984/19/2/023201"">http://dx.doi.org/10.1088/0953-8984/19/2/023201</a>",,,0.1243477619999993,1.6718141950758194,4.265,35.77673477039373,259.97148214743976,0.39190767000000004,Mn,1.95953835,-27.827179308054568,0.0,0.0,7.266495498146286,225.0,Fm-3m,4.119395039999997,2,10.0,62
63,Ba2FeMoO6,Ba2FeMoO6,oxide,,,308.0,"<a href=""http://dx.doi.org/10.1088/0953-8984/19/2/023201"">http://dx.doi.org/10.1088/0953-8984/19/2/023201</a>",,,0.10026930499999906,1.191748638023771,3.733,42.76594151544861,274.06257371808294,0.40004372000000005,Fe,2.0002186,-100.0,0.5171755116992683,2.5858775584963416,6.4084307279679935,225.0,Fm-3m,4.075366449999997,2,10.0,63
64,Ba2FeReO6,Ba2FeReO6,oxide,,,303.0,"<a href=""http://dx.doi.org/10.1088/0953-8984/19/2/023201"">http://dx.doi.org/10.1088/0953-8984/19/2/023201</a>",,,0.14188496099999953,0.9194665648847707,3.669,27.33908593388895,204.92108991620765,0.29992343,Fe,1.49961715,-100.0,1.066565343157896,5.332826715789481,7.495535527842642,225.0,Fm-3m,4.07901532,2,10.0,64
65,Sr2CrMoO6,Sr2CrMoO6,oxide,,,420.0,"<a href=""http://dx.doi.org/10.1088/0953-8984/19/2/023201"">http://dx.doi.org/10.1088/0953-8984/19/2/023201</a>",,,0.06519717900000047,0.30664978211358196,2.331,26.667133381841605,152.90742383625127,0.20014555,Cr,-1.00072775,100.0,0.8562294000367038,4.281147000183519,5.733928039688368,225.0,Fm-3m,3.9299456699999977,2,10.0,65
66,Sr2FeMoO6,Sr2FeMoO6,oxide,,,420.0,"<a href=""http://dx.doi.org/10.1088/0953-8984/19/2/023201"">http://dx.doi.org/10.1088/0953-8984/19/2/023201</a>",,,-0.036715570999999156,1.3534694327498018,0.714,7.294273413827291,40.586911712567556,0.05524859,Fe,0.5524859,-72.54702686775558,0.0,0.0,5.564215845766012,225.0,Fm-3m,5.630852518934585,1,10.0,66
67,Sr2CrReO6,Sr2CrReO6,oxide,,,620.0,"<a href=""http://dx.doi.org/10.1088/0953-8984/19/2/023201"">http://dx.doi.org/10.1088/0953-8984/19/2/023201</a>",,,0.07426454600000057,0.3055570980199999,2.32,10.8494169140791,75.46158668415183,0.09896368,Cr,-0.4948184,100.0,0.49363374639999985,2.468168731999999,6.955358733263042,225.0,Fm-3m,3.9324576899999997,2,10.0,67
68,Sr2CrWO6,Sr2CrWO6,oxide,,,458.0,"<a href=""http://dx.doi.org/10.1088/0953-8984/19/2/023201"">http://dx.doi.org/10.1088/0953-8984/19/2/023201</a>",,,0.0738994489999996,0.2523351811904259,2.291,22.04154480769515,151.15999749072108,0.20011927,Cr,1.00059635,-100.0,0.8618663768508249,4.309331884254124,6.857958405798675,225.0,Fm-3m,3.944858549999997,2,10.0,68
69,Sr2FeReO6,Sr2FeReO6,oxide,,,400.0,"<a href=""http://dx.doi.org/10.1088/0953-8984/19/2/023201"">http://dx.doi.org/10.1088/0953-8984/19/2/023201</a>",,,0.09999346700000018,1.156411495678747,3.707,32.677200339029675,219.91173676410637,0.30031921,Fe,1.50159605,-100.0,0.8797895858333333,4.398947929166667,6.729821847725542,225.0,Fm-3m,3.9858932099999995,2,10.0,69
70,La2MnCoO6,La2MnCoO6,oxide,,,230.0,"<a href=""http://dx.doi.org/10.1088/1742-6596/325/1/012007"">http://dx.doi.org/10.1088/1742-6596/325/1/012007</a>",,,0.14870034099999999,0.6901179161025742,2.9,68.69392206799404,468.48184865283895,0.599830875,Mn,2.999154375,-100.0,2.0090963897565315,10.045481948782658,6.8198442387541975,14.0,P2_1/c,3.892673573150336,2,20.0,70
71,CdCr2S4,CdCr2S4,spinel,,,86.0,"<a href=""http://dx.doi.org/10.1063/1.1708484"">http://dx.doi.org/10.1063/1.1708484</a>",,,0.3809295885714284,1.2474116244086173,2.945,97.22810155609884,407.2109388073947,0.8571671214285714,Cr,3.000084925,,1.3135755199787837,4.597514319925743,4.188202096823226,227.0,Fd-3m,3.642144126631656,1,14.0,71
72,CdCr2Se4,CdCr2Se4,spinel,,,130.0,"<a href=""http://dx.doi.org/10.1063/1.1708484"">http://dx.doi.org/10.1063/1.1708484</a>",,,0.4147570585714289,1.1690420880591441,3.02,62.96053194103748,348.07239665621006,0.8571509142857143,Cr,3.0000282,,2.6749011025856992,9.362153859049947,5.528422107077808,227.0,Fd-3m,3.837699873909264,1,14.0,72
73,MnB2,MnB2,boride,,,157.0,"<a href=""http://dx.doi.org/10.1016/0022-3697(66)90217-4"">http://dx.doi.org/10.1016/0022-3697(66)90217-4</a>",,,0.14047404333333327,0.42372842443326136,1.837,133.26566675868594,750.159248633309,0.6089421333333334,Mn,1.8268264,-0.3838710522841785,2.562074408309177,7.686223224927532,5.629051104300391,191.0,P6/mmm,2.94221,1,3.0,73
74,ZrFe2,ZrFe2,laves,,,633.0,"<a href=""http://dx.doi.org/10.1016/0022-5088(67)90033-1"">http://dx.doi.org/10.1016/0022-5088(67)90033-1</a>",,,0.10983412166666658,0.9142380409507975,1.956,83.67312550883626,656.8326605075687,1.0133362333333333,Fe,1.0133362333333333,-11.564285216481027,2.7438160117886903,2.7438160117886903,7.849983570151257,227.0,Fd-3m,2.475801302686339,2,6.0,74
75,ScFe2,ScFe2,laves,,,545.0,"<a href=""http://dx.doi.org/10.1063/1.30654"">http://dx.doi.org/10.1063/1.30654</a>",,,0.08886250416666641,1.001322478660658,1.794,94.20064860438234,587.3381594551903,0.880701075,Fe,0.880701075,6.731659919187363,2.201837759717734,2.201837759717734,6.234969378203056,194.0,P6_3/mmc,2.4307563079808494,3,12.0,75
76,MnGe4,MnGe4,other,,,340.0,"<a href=""http://dx.doi.org/10.1016/0022-4596(90)90232-M"">http://dx.doi.org/10.1016/0022-4596(90)90232-M</a>",,,0.023544667999999547,1.601139740139653,1.781,25.214870689065695,168.50660868671318,0.31196736,Mn,1.5598368,-47.663841888899626,0.7112326288818899,3.5561631444094495,6.682826605166182,65.0,Cmmm,2.75790543,1,5.0,76
77,MnGa2Sb2,MnGa2Sb2,other,,,310.0,"<a href=""http://doi.org/10.2109/jcersj2.117.72"">http://doi.org/10.2109/jcersj2.117.72</a>",,,0.06413266300000017,1.9506509646729744,2.868,34.66303459985166,237.56386679337808,0.54356609,Mn,2.71783045,-15.03439366306625,1.057503701470595,5.287518507352975,6.853521901235811,72.0,Ibam,2.9346039149999985,1,10.0,77
78,Ni3Pt,Ni3Pt,close packed,,,450.0,"<a href=""http://dx.doi.org/10.1016/0304-8853(86)90378-1"">http://dx.doi.org/10.1016/0304-8853(86)90378-1</a>",,,0.04050535749999984,0.09901427365229527,0.755,34.83760821356155,442.4944231105266,0.578803625,Ni,0.578803625,-66.61916722708601,3.1202378725898248,3.1202378725898248,12.701630387423462,221.0,Pm-3m,2.5791121984995824,2,4.0,78
79,NiPt,NiPt,close packed,,,200.0,"<a href=""http://dx.doi.org/10.1016/0304-8853(86)90378-1"">http://dx.doi.org/10.1016/0304-8853(86)90378-1</a>",,,0.014574795000000584,0.08913724199260958,0.742,23.426002910424646,371.213349017793,0.5322283,Ni,0.5322283,-66.60674763844926,2.245234080464481,2.245234080464481,15.846209463783591,123.0,P4/mmm,2.634215885386874,2,2.0,79
80,CoPt,CoPt,close packed,,,840.0,"<a href=""http://dx.doi.org/10.1016/0304-8853(86)90378-1"">http://dx.doi.org/10.1016/0304-8853(86)90378-1</a>",,,0.1632612,0.7388232181169622,1.868,48.970793437822195,770.3430199807866,1.1136458,Co,1.1136458,-56.364140065712206,2.749744482656251,2.749744482656251,15.730662419404837,123.0,P4/mmm,2.655328505191148,2,2.0,80
81,CoPt3,CoPt3,close packed,,,400.0,"<a href=""http://dx.doi.org/10.1016/0304-8853(86)90378-1"">http://dx.doi.org/10.1016/0304-8853(86)90378-1</a>",,,0.11148447500000014,0.22903713480604224,1.975,25.24814581775665,463.6411097930496,0.72804305,Co,0.72804305,-37.496151749241626,2.894665584487172,2.894665584487172,18.363372627029808,221.0,Pm-3m,2.7410742289129013,2,4.0,81
82,FePd,FePd,close packed,,,760.0,"<a href=""http://dx.doi.org/10.1016/0956-716X(95)00413-P"">http://dx.doi.org/10.1016/0956-716X(95)00413-P</a>",,,0.3923692750000001,0.09255712670819659,2.875,110.18141280621207,1154.9627165167767,1.6005897,Fe,1.6005897,-56.5892777022926,2.52683991819355,2.52683991819355,10.482373452118772,123.0,P4/mmm,2.62387698739369,2,2.0,82
83,FePt,FePt,close packed,,,750.0,"<a href=""http://dx.doi.org/10.1016/0956-716X(95)00413-P"">http://dx.doi.org/10.1016/0956-716X(95)00413-P</a>",,,0.3388709150000002,1.4905915484780528,2.929,72.14734333815541,1075.5755797257054,1.62075745,Fe,1.62075745,-39.206210780468595,1.869658659346405,1.869658659346405,14.90804137699805,123.0,P4/mmm,2.6951621319930186,2,2.0,83
84,MnAl,MnAl,close packed,,,650.0,"<a href=""https://books.google.com/books/about/Magnetism_and_Magnetic_Materials.html?id=hKU_kgEACAAJ"">https://books.google.com/books/about/Magnetism_and_Magnetic_Materials.html?id=hKU_kgEACAAJ</a>",,,0.16874414000000026,0.40870534390821733,1.909,129.84584913710424,695.09316316305,0.95227555,Mn,1.9045511,-80.47005039963071,2.3097863745736444,4.619572749147289,5.353218202832969,123.0,P4/mmm,2.9009718599999994,1,2.0,84
85,Ni3Mn,Ni3Mn,close packed,,,750.0,"<a href=""https://books.google.com/books/about/Magnetism_and_Magnetic_Materials.html?id=hKU_kgEACAAJ"">https://books.google.com/books/about/Magnetism_and_Magnetic_Materials.html?id=hKU_kgEACAAJ</a>",,,0.2601364325000004,0.9316055287288425,3.229,119.44426982596117,1017.5688006724888,1.235174825,Mn,1.235174825,0.5229384177369605,2.5551137643037922,2.5551137643037922,8.519193111190342,221.0,Pm-3m,2.5156524337315203,2,4.0,85
86,Fe3Pt,Fe3Pt,close packed,,,462.0,"<a href=""http://dx.doi.org/10.1016/0304-8853(89)90212-6"">http://dx.doi.org/10.1016/0304-8853(89)90212-6</a>",,,0.1935491124999995,2.072834596509975,2.765,127.78584085638091,1488.8980832148018,2.074197575,Fe,2.074197575,-67.37740564535747,1.9016560198148222,1.9016560198148222,11.651510630885788,221.0,Pm-3m,2.633848591969113,2,4.0,86
87,Fe3Pd,Fe3Pd,close packed,,,575.0,"<a href=""http://dx.doi.org/10.1109/20.951271"">http://dx.doi.org/10.1109/20.951271</a>",,,0.26905411999999984,2.1097466370078126,2.775,168.81940380536952,1496.4661200281746,2.070229175,Fe,2.070229175,-75.2030998996633,2.147585217316177,2.147585217316177,8.864301651920522,221.0,Pm-3m,2.627723109771457,2,4.0,87
88,FePd3,FePd3,close packed,,,543.0,"<a href=""http://dx.doi.org/10.1016/0304-8853(89)90212-6"">http://dx.doi.org/10.1016/0304-8853(89)90212-6</a>",,,0.35165762749999985,0.7418863279574808,3.299,63.50723816264779,676.1722578350069,1.06633315,Fe,1.06633315,-42.49944547466878,2.34646359806338,2.34646359806338,10.647168376355284,221.0,Pm-3m,2.7449911125769964,2,4.0,88
89,Fe4N,Fe4N,antiperovskite,,,769.0,"<a href=""https://books.google.com/books/about/Magnetism_and_Magnetic_Materials.html?id=hKU_kgEACAAJ"">https://books.google.com/books/about/Magnetism_and_Magnetic_Materials.html?id=hKU_kgEACAAJ</a>",,,0.2583834999999993,1.9305740164340082,2.98,232.01578747040168,1686.0082644240656,1.97233526,Fe,2.465419075,-44.34284347757222,1.979828590322579,2.4747857379032236,7.266782501337976,221.0,Pm-3m,2.6767394902137998,2,5.0,89
90,Fe16N2,Fe16N2,close packed,,,810.0,"<a href=""https://books.google.com/books/about/Magnetism_and_Magnetic_Materials.html?id=hKU_kgEACAAJ"">https://books.google.com/books/about/Magnetism_and_Magnetic_Materials.html?id=hKU_kgEACAAJ</a>",,,0.04188535666666679,2.1695897501317982,2.791,213.36829507861572,1650.1233986734348,1.9558938666666665,Fe,2.2003806,-49.58700986191244,1.5306083221697293,1.7219343624409456,7.73368601021743,225.0,Fm-3m,2.5256844439335056,2,9.0,90
91,MnBi,MnBi,NiAs,,,633.0,"<a href=""https://books.google.com/books/about/Magnetism_and_Magnetic_Materials.html?id=hKU_kgEACAAJ"">https://books.google.com/books/about/Magnetism_and_Magnetic_Materials.html?id=hKU_kgEACAAJ</a>",,,0.07734434000000068,0.09949216536372706,2.909,60.391351044069694,673.3192858180913,1.4268927,Mn,2.8537854,-33.18625035777166,1.4860864294491514,2.9721728588983027,11.149266810188541,194.0,P6_3/mmc,2.3914004999999996,1,4.0,91
92,Fe5SiB2,Fe5SiB2,boride,,,784.0,"<a href=""http://dx.doi.org/10.1051/jphyscol:19766122"">http://dx.doi.org/10.1051/jphyscol:19766122</a>",,,0.07213081187500059,2.4416067576129006,2.129,147.15647562721833,1037.126219717723,1.08336050625,Fe,1.73337681,-33.6834574006922,0.24769442157737964,0.3963110745238074,7.0477783277781505,140.0,I4/mcm,2.476725884502062,2,16.0,92
93,Fe5PB2,Fe5PB2,boride,,,640.0,"<a href=""http://dx.doi.org/10.1063/1.4934496"">http://dx.doi.org/10.1063/1.4934496</a>",,,0.0729386981250002,0.9862896930863575,2.048,143.1345278765287,1038.6580275600957,1.0630037625,Fe,1.70080602,-37.334416706848685,1.136208633086249,1.8179338129379985,7.256516250614717,140.0,I4/mcm,2.468433091808096,2,16.0,93
94,Fe4CoPB2,Fe4CoPB2,boride,,,515.0,"<a href=""http://dx.doi.org/10.1063/1.4934496"">http://dx.doi.org/10.1063/1.4934496</a>",,,0.05179551999999976,0.844658714103912,1.574,108.56010508924668,809.4186439784946,0.81373660625,Fe,1.30197857,-44.739708497687545,1.0807503625787385,1.7292005801259815,7.455949340810567,140.0,I4/mcm,2.468996518066045,2,16.0,94
95,Fe4MnPB2,Fe4MnPB2,boride,,,650.0,"<a href=""http://dx.doi.org/10.1063/1.4934496"">http://dx.doi.org/10.1063/1.4934496</a>",,,0.08259317812499933,1.3292063213715979,2.153,140.65606840409046,1010.8182721995381,1.04174205625,Mn,1.6667872899999998,-32.28053671702452,1.5883233838541524,2.541317414166644,7.186453337338855,140.0,I4/mcm,2.476419367450473,2,16.0,95
96,Fe4CoSiB2,Fe4CoSiB2,boride,,,675.0,"<a href=""http://dx.doi.org/10.1063/1.4934496"">http://dx.doi.org/10.1063/1.4934496</a>",,,0.04989457437500011,2.347075001590808,1.647,117.85294572375977,852.2045495142339,0.875774775,Fe,1.40123964,-34.041124523165614,0.7714447835077497,1.2343116536123995,7.2310839943852585,140.0,I4/mcm,2.476191696711523,2,16.0,96
97,Fe4MnSiB2,Fe4MnSiB2,boride,,,770.0,"<a href=""http://dx.doi.org/10.1063/1.4934496"">http://dx.doi.org/10.1063/1.4934496</a>",,,0.07596287000000057,2.0325451848340603,2.144,141.5071963564606,989.9070655850096,1.03889828125,Mn,1.66223725,13.51909367449054,0.9517760646161402,1.5228417033858244,6.995453878482659,140.0,I4/mcm,2.483659330840725,2,16.0,97
98,Mn5SiB2,Mn5SiB2,boride,,,628.0,"<a href=""http://dx.doi.org/10.1051/jphyscol:19766122"">http://dx.doi.org/10.1051/jphyscol:19766122</a>",,,0.06774140187499889,1.0178630934176078,1.687,131.51101024829936,898.2346082997086,0.954831525,Mn,1.52773044,47.83290226559862,1.4280655402960545,2.2849048644736873,6.830109559677147,140.0,I4/mcm,2.5019641635233136,2,16.0,98
99,BaRuO3,BaRuO3,oxide,,,60.0,"<a href=""http://dx.doi.org/10.1073/pnas.071092810"">http://dx.doi.org/10.1073/pnas.071092810</a>",,,0.019029838000000153,0.3449645405998025,1.532,43.30400571483042,307.7759964873592,0.44412029999999997,Ru,2.2206015,-10.26046728855058,2.122417239999982,10.612086199999911,7.107333176384522,221.0,Pm-3m,4.059782029999999,1,5.0,99
100,Sr3Ru2O7,Sr3Ru2O7,oxide,,,104.0,"<a href=""http://dx.doi.org/10.1103/PhysRevB.55.R672"">http://dx.doi.org/10.1103/PhysRevB.55.R672</a>",,,0.006423640833332911,1.8509170182536556,1.408,39.74630479112673,234.60850031536523,0.3421881666666667,Ru,2.053129,-55.666131848268606,0.6783377177177177,4.070026306306306,5.902649354405923,139.0,I4/mmm,3.989504169999999,1,12.0,100
101,Mn3InC,Mn3InC,antiperovskite,,,272.0,"<a href=""http://dx.doi.org/10.1016/S0022-4596(05)80281-6"">http://dx.doi.org/10.1016/S0022-4596(05)80281-6</a>",,,0.13237206399999907,0.9308868011282881,2.515,115.97733802717973,915.0146009100074,1.21124296,Mn,2.018738266666667,-87.97200873678804,1.775129275882345,2.9585487931372416,7.889598230781692,221.0,Pm-3m,2.7893317706419456,1,5.0,101
102,Fe3GaC,Fe3GaC,antiperovskite,,,510.0,"<a href=""http://dx.doi.org/10.1088/0305-4608/6/3/019"">http://dx.doi.org/10.1088/0305-4608/6/3/019</a>",,,0.03808263799999878,0.34185679542275277,1.245,70.07610902812907,546.8906578543816,0.62552482,Fe,1.0425413666666665,-80.98208739797936,1.7577277425648834,2.929546237608139,7.8042383551126635,221.0,Pm-3m,2.656728085463507,1,5.0,102
103,Fe3ZnC,Fe3ZnC,antiperovskite,,,368.0,"<a href=""http://dx.doi.org/10.1088/0305-4608/6/3/019"">http://dx.doi.org/10.1088/0305-4608/6/3/019</a>",,,0.10576986399999981,0.45627069693007505,1.676,93.82885819704622,713.5227508011297,0.8230553199999999,Fe,1.3717588666666665,-87.79960604963219,2.552578931636309,4.254298219393848,7.6045127747658325,221.0,Pm-3m,2.664236824088655,1,5.0,103
104,Mn3ZnC,Mn3ZnC,antiperovskite,,,353.0,"<a href=""http://dx.doi.org/10.1088/0305-4608/6/3/019"">http://dx.doi.org/10.1088/0305-4608/6/3/019</a>",,,0.14196704800000076,1.4362909713646672,2.741,161.69125298701564,1122.0096601881332,1.40258164,Mn,2.3376360666666667,-76.19752826993253,1.4221877808032766,2.370312968005461,6.9392106218524665,221.0,Pm-3m,2.736589213234395,1,5.0,104
105,Mn3GeC,Mn3GeC,antiperovskite,,,330.0,"<a href=""http://dx.doi.org/10.1088/0305-4608/6/3/019"">http://dx.doi.org/10.1088/0305-4608/6/3/019</a>",,,0.08247490599999878,0.21823142262697098,1.219,65.11897368220254,495.7731943003934,0.5817330000000001,Mn,0.9695550000000001,-55.09175314856751,2.46957977111865,4.115966285197749,7.613344717622471,221.0,Pm-3m,2.67945198718177,1,5.0,105
106,Fe3RhN,Fe3RhN,antiperovskite,,,505.0,"<a href=""http://dx.doi.org/10.1002/anie.200502579"">http://dx.doi.org/10.1002/anie.200502579</a>",,,0.169780188,1.5642615114584717,2.64,168.85579351106287,1417.2939220381081,1.7199841599999999,Fe,2.1499802,-44.14488017337205,2.1263578675766133,2.6579473344707667,8.393516695921077,221.0,Pm-3m,2.709696188721053,2,5.0,106
107,CrMn2B4,CrMn2B4,boride,,,440.0,"<a href=""http://dx.doi.org/10.1143/JPSJ.24.28"">http://dx.doi.org/10.1143/JPSJ.24.28</a>",,,0.044146205714286325,1.2540927112394373,1.754,90.90171299496154,559.3949090631723,0.4769257714285714,Mn,1.6692402,-23.850746030730143,0.8330877132292912,2.915806996302519,6.153843427507007,71.0,Immm,2.656041900205936,1,7.0,107
108,MoMn2B4,MoMn2B4,boride,,,590.0,"<a href=""http://dx.doi.org/10.1143/JPSJ.24.28"">http://dx.doi.org/10.1143/JPSJ.24.28</a>",,,0.06471025571428564,1.0677810571510906,1.829,78.65173083933279,547.3252147122505,0.5010616999999999,Mn,1.75371595,-49.01209206594341,1.176521868131868,4.1178265384615385,6.95884513756358,71.0,Immm,2.704447855003745,1,7.0,108
109,WMn2B4,WMn2B4,boride,,,560.0,"<a href=""http://dx.doi.org/10.1143/JPSJ.24.28"">http://dx.doi.org/10.1143/JPSJ.24.28</a>",,,0.06159561142857127,1.1325265833680551,1.83,58.3638940831242,546.8468898465281,0.5030388285714286,Mn,1.7606359,-44.23618787170472,1.1961050838150242,4.186367793352585,9.369609386715815,71.0,Immm,2.7125164912011,1,7.0,109
110,TaMn2B4,TaMn2B4,boride,,,780.0,"<a href=""http://dx.doi.org/10.1143/JPSJ.24.28"">http://dx.doi.org/10.1143/JPSJ.24.28</a>",,,0.08016865571428562,1.3979999318199998,2.05,66.7346856314899,599.8842728430469,0.5702499285714285,Mn,1.99587475,-38.07501740492062,0.7196555115738263,2.518794290508392,8.989092660983202,71.0,Immm,2.721620975446414,1,7.0,110
111,CrNiAs,CrNiAs,Fe2P,,,182.0,"<a href=""http://dx.doi.org/10.4028/www.scientific.net/MSF.443-444.379"">http://dx.doi.org/10.4028/www.scientific.net/MSF.443-444.379</a>",,,0.11638949666666715,2.3061950784948566,2.96,90.00328672423147,687.2268093595144,0.9970521666666667,Cr,2.9911565,51.300671224131044,1.5382453486666703,4.614736046000011,7.635574592571998,189.0,P-62m,3.269962204478484,1,9.0,111
112,CrNiP,CrNiP,Ni2In-TiNiSi,,,140.0,"<a href=""http://dx.doi.org/10.1016/0022-4596(72)90139-9"">http://dx.doi.org/10.1016/0022-4596(72)90139-9</a>",,,0.04705250916666633,1.8389908040386642,2.478,104.28116639637311,698.2900124811925,0.881695625,Cr,2.645086875,-47.06127193849557,1.0064867623896212,3.019460287168864,6.696223648160873,62.0,Pnma,2.944155145500465,1,12.0,112
113,FeCoP,FeCoP,Ni2In-TiNiSi,,,425.0,"<a href=""http://dx.doi.org/10.1016/0022-4596(72)90139-9"">http://dx.doi.org/10.1016/0022-4596(72)90139-9</a>",,,0.08726507749999968,2.1620503662075437,1.782,77.98099264029094,581.3287985805242,0.6783576416666667,Fe,1.0175364625,25.238043929607063,1.6513608080555524,2.4770412120833285,7.454749919151008,62.0,Pnma,2.5262679973989455,2,12.0,113
114,FeNiP,FeNiP,Fe2P,,,95.0,"<a href=""http://dx.doi.org/10.1016/0022-4596(72)90139-9"">http://dx.doi.org/10.1016/0022-4596(72)90139-9</a>",,,0.05464244111111169,0.6795262064967851,1.382,45.57456305038384,335.81950446144623,0.39580144444444443,Fe,1.1874043333333333,-67.71991789956698,2.120839698689466,6.3625190960683975,7.368573212434077,189.0,P-62m,3.0508629859013907,1,9.0,114
115,MnCoAs,MnCoAs,Ni2In-TiNiSi,,,350.0,"<a href=""http://dx.doi.org/10.1016/0022-4596(72)90139-9"">http://dx.doi.org/10.1016/0022-4596(72)90139-9</a>",,,0.20124497583333323,4.68948546996153,3.043,91.6708143824469,747.2601313171286,1.0329330583333334,Mn,3.098799175,-54.28747091636721,1.834947388869046,5.504842166607138,8.151559865057921,62.0,Pnma,3.008731240530137,1,12.0,115
116,FeCoAs,FeCoAs,Fe2P,,,300.0,"<a href=""http://dx.doi.org/10.1016/0022-4596(72)90139-9"">http://dx.doi.org/10.1016/0022-4596(72)90139-9</a>",,,0.1360114755555557,0.6793955497766972,2.13,64.53092228346021,549.3013010234101,0.7306178888888889,Fe,1.64389025,-52.714614511425026,2.5462909088194587,5.729154544843782,8.51221835340482,189.0,P-62m,2.719856790978419,2,9.0,116
117,MnCoSb,MnCoSb,half heusler,,,478.0,"<a href=""http://dx.doi.org/10.1070/PU1994v037n07ABEH000033"">http://dx.doi.org/10.1070/PU1994v037n07ABEH000033</a>",,,0.38172552666666704,0.9993437432277444,3.188,70.93844884702047,565.8071707126119,0.9976314333333334,Mn,2.9928943,100.0,2.8323812218320668,8.4971436654962,7.97602964131315,216.0,F-43m,4.109005594776605,1,3.0,117
118,MnPtSb,MnPtSb,half heusler,,,572.0,"<a href=""http://dx.doi.org/10.1070/PU1994v037n07ABEH000033"">http://dx.doi.org/10.1070/PU1994v037n07ABEH000033</a>",,,0.20311193666666702,0.013487633054389396,3.638,58.15247787046843,651.5100996993781,1.2903639,Mn,3.8710917,-72.7534664577331,2.1993651178215217,6.598095353464565,11.203479603235177,216.0,F-43m,4.271363421139625,1,3.0,118
119,MnPtSn,MnPtSn,half heusler,,,330.0,"<a href=""http://dx.doi.org/10.1070/PU1994v037n07ABEH000033"">http://dx.doi.org/10.1070/PU1994v037n07ABEH000033</a>",,,0.562480466666667,1.2976366342778518,3.751,55.547647834622026,569.1476436485423,1.2224528666666667,Mn,3.6673586,-27.069796934179713,3.3075878912568175,9.922763673770453,10.246116007342456,216.0,F-43m,4.3883901732535575,1,3.0,119
120,VCoSb,VCoSb,half heusler,,,58.0,"<a href=""http://dx.doi.org/10.1143/JPSJ.32.91"">http://dx.doi.org/10.1143/JPSJ.32.91</a>",,,0.042400936666666666,0.24353215730278596,1.172,24.084200436812804,187.87727193057123,0.3329595,V,0.49943925,100.0,4.083415952452827,6.1251239286792405,7.800851534327875,216.0,F-43m,2.5205241473994073,2,3.0,120
121,MnPdSb,MnPdSb,half heusler,,,500.0,"<a href=""http://dx.doi.org/10.1143/JPSJ.29.643"">http://dx.doi.org/10.1143/JPSJ.29.643</a>",,,0.23427362333333335,1.5213967779449176,3.245,66.28651707452981,540.0466902444734,1.1200781333333334,Mn,3.3602344,-18.142937398648325,2.7673737984495985,8.302121395348795,8.147157432291507,216.0,F-43m,4.337523527710087,1,3.0,121
122,TiCoSn,TiCoSn,half heusler,,,134.0,"<a href=""http://dx.doi.org/10.1088/0953-8984/7/37/010"">http://dx.doi.org/10.1088/0953-8984/7/37/010</a>",,,0.0004173100000007442,0.21204859081927646,0.605,9.194916522510214,59.79915611293564,0.12375693333333333,Co,0.3712708,-14.011536734901048,1.0423974113821137,3.1271922341463414,6.503501795425812,216.0,F-43m,4.334386830313017,1,3.0,122
123,MnPtGa,MnPtGa,Ni2In-TiNiSi,,,220.0,"<a href=""http://dx.doi.org/10.1016/0022-5088(84)90341-2"">http://dx.doi.org/10.1016/0022-5088(84)90341-2</a>",,,0.37033736499999986,2.4019571916952542,3.656,65.51357787968223,769.3299616949428,1.2502322833333335,Mn,3.75069685,-31.651248872119385,3.2809053709016354,9.842716112704906,11.74306131024994,194.0,P6_3/mmc,2.7675032799999997,1,6.0,123
124,BaFeO3,BaFeO3,oxide,,,110.0,"<a href=""10.1002/anie.201105276"">10.1002/anie.201105276</a>",,,0.21789451799999995,0.8124158724362596,2.992,83.81293498740725,538.0779072635855,0.72383822,Fe,3.6191911,-15.641939116433342,2.657306594929576,13.28653297464788,6.419986453695135,221.0,Pm-3m,3.9659406199999987,1,5.0,124
125,Fe2Zr,Fe2Zr,laves,,,600.0,"<a href=""http://dx.doi.org/10.1088/0953-8984/19/37/376202"">http://dx.doi.org/10.1088/0953-8984/19/37/376202</a>",,,0.1104299649999992,1.0110790457963676,1.973,84.27307661620193,657.4683901509844,1.0206020333333334,Fe,1.0206020333333334,-14.587717455979025,2.5009847429436114,2.5009847429436114,7.801642191672195,227.0,Fd-3m,2.480904386260146,2,6.0,125
126,Fe5C2,Fe5C2,close packed,,,519.0,"<a href=""http://dx.doi.org/10.1016/0025-5408(86)90135-2"">http://dx.doi.org/10.1016/0025-5408(86)90135-2</a>",,,0.08992480642857105,0.9351601973693614,2.132,153.23989339279873,1199.3622961556223,1.1886288785714285,Fe,1.6640804299999998,-36.91444319673353,1.7433293630877391,2.4406611083228347,7.826697536791581,15.0,C2/c,2.4615588066225453,3,14.0,126
127,Fe7C3,Fe7C3,close packed,,,523.0,"<a href=""http://dx.doi.org/10.1007/BF00550805"">http://dx.doi.org/10.1007/BF00550805</a>",,,0.0710591370000003,1.0198703477074018,2.025,151.26553306896804,1189.4566296827445,1.1563541750000002,Fe,1.6519345357142858,-44.18172171900417,1.5679902038385976,2.239986005483711,7.863368511982325,186.0,P6_3mc,2.4738935795793395,3,20.0,127
128,Co3Sn2S2,Co3Sn2S2,other,,,177.0,"<a href=""http://dx.doi.org/10.1007/BF00550805"">http://dx.doi.org/10.1007/BF00550805</a>",,,0.005620777142856882,0.020283322298463188,0.387,11.639231826656651,84.12273574731651,0.14241262857142858,Co,0.33229613333333335,100.0,1.4642871569924838,3.4166700329824624,7.227516128225502,166.0,R-3m,2.688957584724193,1,7.0,128
129,Ni3Al,Ni3Al,close packed,,,41.5,"<a href=""http://dx.doi.org/10.1143/JPSJ.55.3553"">http://dx.doi.org/10.1143/JPSJ.55.3553</a>",,,0.0039931150000001026,0.07722311886139889,0.333,22.162895065944248,165.58994251849532,0.201451925,Ni,0.26860256666666665,-66.74070914664046,1.429144575512046,1.905526100682728,7.4714942260834265,221.0,Pm-3m,2.5175314851497093,1,4.0,129
130,ZrZn2,ZrZn2,laves,,,17.0,"<a href=""http://dx.doi.org/10.1143/JPSJ.55.3553"">http://dx.doi.org/10.1143/JPSJ.55.3553</a>",,,0.016888913333332905,0.008687280560699598,0.517,22.131135357274744,161.82365882980793,0.2932880666666667,Zr,0.8798642,-42.752461097451764,1.6588514873389437,4.976554462016831,7.312036017014136,227.0,Fd-3m,3.199479005340683,1,6.0,130
131,Au4V,Au4V,other,,,44.0,"<a href=""http://dx.doi.org/10.1143/JPSJ.55.3553"">http://dx.doi.org/10.1143/JPSJ.55.3553</a>",,,0.06429530800000052,0.12056614247887405,1.814,12.723639966589912,208.21033445937783,0.38219116,V,1.9109558,65.77110780073781,2.008565632896979,10.042828164484897,16.364054233387797,87.0,I4/m,4.032382199999999,1,5.0,131
132,CrBe12,CrBe12,other,,,50.0,"<a href=""https://doi.org/10.1103/PhysRev.171.591"">https://doi.org/10.1103/PhysRev.171.591</a>",,,0.0060402323076922055,0.32064949084562455,1.678,47.3899637774618,118.00763856210497,0.10452636923076922,Cr,1.3588428,-30.781115813174146,0.22661725365630236,2.9460242975319306,2.490139876794509,139.0,I4/mmm,4.11891898,1,13.0,132
133,MnCo2Si,MnCo2Si,heusler,,,985.0,"<a href=""http://dx.doi.org/10.1080/00107516908204800"">http://dx.doi.org/10.1080/00107516908204800</a>",,,0.3634690524999993,0.7538006358879769,2.997,138.87378472943408,1042.408160602076,1.248806875,Mn,1.6650758333333335,100.0,3.8396378810483887,5.119517174731185,7.506155050306907,225.0,Fm-3m,2.434728534851193,2,4.0,133
134,MnCo2Sn,MnCo2Sn,heusler,,,829.0,"<a href=""http://dx.doi.org/10.1080/00107516908204800"">http://dx.doi.org/10.1080/00107516908204800</a>",,,0.43447291749999994,0.6066804180035962,3.208,96.49660103280992,875.3418658793784,1.259183175,Mn,1.6789109,75.44499867880428,5.986760574159695,7.982347432212927,9.071219675206512,225.0,Fm-3m,2.587826307065045,2,4.0,134
135,MnCo2Ga,MnCo2Ga,heusler,,,694.0,"<a href=""http://dx.doi.org/10.1080/00107516908204801"">http://dx.doi.org/10.1080/00107516908204801</a>",,,0.32374509000000007,0.4548250407009371,2.765,94.32185140415145,817.8729281714167,1.023976575,Mn,1.3653021,66.18463551057593,2.542386552971318,3.389848737295091,8.671086455533878,225.0,Fm-3m,2.470772633400256,2,4.0,135
136,MnCo2Ge,MnCo2Ge,heusler,,,905.0,"<a href=""http://dx.doi.org/10.1080/00107516908204802"">http://dx.doi.org/10.1080/00107516908204802</a>",,,0.39042697000000004,0.5872218289781519,3.064,113.68931766165325,988.0302162196377,1.24907835,Mn,1.6654378,99.44986582763259,4.227536401932695,5.6367152025769265,8.690616115403907,225.0,Fm-3m,2.4787793586876425,2,4.0,136
137,MnCu2Al,MnCu2Al,heusler,,,600.0,"<a href=""http://dx.doi.org/10.1080/00107516908204800"">http://dx.doi.org/10.1080/00107516908204800</a>",,,0.2749680974999995,1.1990899207043333,3.447,94.88025977762123,633.8384229655535,0.887693525,Mn,3.5507741,3.6699180461720755,1.0046545059776535,4.018618023910614,6.680403536532609,225.0,Fm-3m,4.1883591542288885,1,4.0,137
138,MnCu2In,MnCu2In,heusler,,,520.0,"<a href=""http://dx.doi.org/10.1080/00107516908204800"">http://dx.doi.org/10.1080/00107516908204800</a>",,,0.35862280499999954,1.1258413380668413,3.633,69.94215220282148,582.8356116469334,0.929372925,Mn,3.7174917,-9.358085290303771,0.10001445951388901,0.40005783805555606,8.333109481058003,225.0,Fm-3m,4.373512759714479,1,4.0,138
139,MnCu2Sn,MnCu2Sn,heusler,,,530.0,"<a href=""http://dx.doi.org/10.1080/00107516908204800"">http://dx.doi.org/10.1080/00107516908204800</a>",,,0.34582275250000016,1.4883636809497622,3.697,72.88578604655059,603.2660647224413,0.981185075,Mn,3.9247403,-30.659500149467,1.9011009421787723,7.604403768715089,8.276868473877036,225.0,Fm-3m,4.402470267328309,1,4.0,139
140,MnNi2In,MnNi2In,heusler,,,323.0,"<a href=""http://dx.doi.org/10.1080/00107516908204800"">http://dx.doi.org/10.1080/00107516908204800</a>",,,0.3554084074999997,0.2077480836179245,3.505,81.29721957724561,727.3520842497813,1.044938,Mn,1.3932506666666666,-30.548743708180442,4.068888966145836,5.425185288194448,8.94682607882645,225.0,Fm-3m,2.5867035830713254,2,4.0,140
141,MnNi2Sb,MnNi2Sb,heusler,,,360.0,"<a href=""http://dx.doi.org/10.1080/00107516908204800"">http://dx.doi.org/10.1080/00107516908204800</a>",,,0.35364441499999977,1.1161995989096372,3.584,75.55380055711474,664.9631899625197,0.9945939,Mn,3.9783756,-8.278090888536106,1.9509725088888763,7.803890035555505,8.801187829854332,225.0,Fm-3m,4.281196363185992,1,4.0,141
142,MnPd2Sn,MnPd2Sn,heusler,,,189.0,"<a href=""http://dx.doi.org/10.1080/00107516908204801"">http://dx.doi.org/10.1080/00107516908204801</a>",,,0.4898986525,1.0315434786598927,3.919,60.08136084002288,584.5761448716496,1.0394238,Mn,4.1576952,-12.572075426834486,3.6583740335897494,14.633496134358998,9.729742081378378,225.0,Fm-3m,4.535233044461447,1,4.0,142
143,MnPd2Sb,MnPd2Sb,heusler,,,247.0,"<a href=""http://dx.doi.org/10.1080/00107516908204802"">http://dx.doi.org/10.1080/00107516908204802</a>",,,0.5109155699999999,1.2917281746505211,3.989,62.011411840401884,595.2686099733303,1.0812804,Mn,4.3251216,-10.067696548779422,4.32946211102961,17.31784844411844,9.599339739359053,225.0,Fm-3m,4.567629495194899,1,4.0,143
144,TiCo2Sn,TiCo2Sn,heusler,,,371.0,"<a href=""http://dx.doi.org/10.1016/j.cap.2015.09.015"">http://dx.doi.org/10.1016/j.cap.2015.09.015</a>",,,0.04135189249999982,0.2505267168305273,1.055,39.36585807988014,330.7976290491085,0.501224625,Co,1.00244925,100.0,1.3447571237931002,2.6895142475862004,8.403160636759468,225.0,Fm-3m,3.0403535699999997,1,4.0,144
145,TiCo2Ge,TiCo2Ge,heusler,,,384.0,"<a href=""http://dx.doi.org/10.1016/j.cap.2015.09.015"">http://dx.doi.org/10.1016/j.cap.2015.09.015</a>",,,0.03727801500000005,0.20462792792889117,1.03,47.19427515168534,375.75530956202715,0.503574725,Co,1.00714945,6.01604497539466,1.4553194829885006,2.910638965977001,7.961883265593681,225.0,Fm-3m,2.9184596099999984,1,4.0,145
146,FeCo2Si,FeCo2Si,heusler,,,1015.0,"<a href=""http://dx.doi.org/10.1063/1.4932526"">http://dx.doi.org/10.1063/1.4932526</a>",,,0.30107868499999935,0.8299701401702443,2.779,148.87117780160042,1128.4997963123094,1.34475115,Fe,1.7930015333333333,-62.60608766690374,5.983146570555502,7.977528760740669,7.580377968234074,225.0,Fm-3m,2.4304024781516684,2,4.0,146
147,FeCo2Ge,FeCo2Ge,heusler,,,980.0,"<a href=""http://dx.doi.org/10.1063/1.4932526"">http://dx.doi.org/10.1063/1.4932526</a>",,,0.32332755000000013,0.8313364152202584,2.857,126.07413552852289,1102.03605505498,1.390265825,Fe,1.8536877666666667,-50.93781394230818,5.561713771220936,7.4156183616279145,8.741174789222777,225.0,Fm-3m,2.477034568646384,2,4.0,147
148,TiCo2Al,TiCo2Al,heusler,,,120.0,"<a href=""http://dx.doi.org/10.1063/1.4873020"">http://dx.doi.org/10.1063/1.4873020</a>",,,0.009583554999999855,0.12579861661006858,0.595,28.79415971980907,186.31569854696008,0.248391425,Co,0.49678285,50.82150476484624,1.366820225999996,2.733640451999992,6.47060724674606,225.0,Fm-3m,2.9133755499999996,1,4.0,148
149,VCo2Ga,VCo2Ga,heusler,,,358.0,"<a href=""http://dx.doi.org/10.1007/s10948-010-0933-3"">http://dx.doi.org/10.1007/s10948-010-0933-3</a>",,,0.04665634749999992,0.19054780386787404,0.93,46.841728079746815,389.5880578840079,0.5001432,Co,1.0002864,100.0,1.9263810584739665,3.852762116947933,8.317115398064402,225.0,Fm-3m,2.876936869999997,1,4.0,149
150,Fe3Si,Fe3Si,heusler,,,600.0,"<a href=""http://dx.doi.org/10.1143/JPSJ.18.797"">http://dx.doi.org/10.1143/JPSJ.18.797</a>",,,0.25443481749999997,0.7775870563414182,2.561,145.96531778622384,1082.8720867115733,1.2781472,Fe,1.7041962666666668,-45.63860304399302,3.4531202693945287,4.604160359192705,7.418694407239351,225.0,Fm-3m,2.4226980563519795,2,4.0,150
151,Fe3Ge-heusler,Fe3Ge,heusler,,,740.0,"<a href=""http://dx.doi.org/10.1088/0305-4608/6/11/015"">http://dx.doi.org/10.1088/0305-4608/6/11/015</a>",,,0.28202993499999973,0.8168499228734721,2.587,125.19779451441654,1076.9922261347976,1.345988375,Fe,1.7946511666666665,-39.63929041166202,3.1504278513541633,4.200570468472217,8.602325866138017,225.0,Fm-3m,2.4693025206363153,2,4.0,151
152,VCo2Sn,VCo2Sn,heusler,,,95.0,"<a href=""http://dx.doi.org/10.1103/PhysRevB.76.024414Co2CrGa.cif"">http://dx.doi.org/10.1103/PhysRevB.76.024414Co2CrGa.cif</a>",,,0.05897295250000045,0.27350926742625375,1.05,57.27105416118628,503.7794590333535,0.737083825,Co,0.9827784333333334,53.522406056304696,2.3570057473684263,3.1426743298245685,8.796406254641193,225.0,Fm-3m,2.6024967427641363,2,4.0,152
153,CrCo2Ga,CrCo2Ga,heusler,,,495.0,"<a href=""http://dx.doi.org/10.1103/PhysRevB.76.024414Co2CrGa.cif"">http://dx.doi.org/10.1103/PhysRevB.76.024414Co2CrGa.cif</a>",,,0.13117343749999932,0.23405975637570742,1.614,70.46594902512669,601.8651544403546,0.755712575,Cr,1.0076167666666667,94.10097430374522,4.499651752252227,5.999535669669636,8.541219734736588,225.0,Fm-3m,2.473150444710414,2,4.0,153
154,CrCo2Al,CrCo2Al,heusler,,,334.0,"<a href=""http://dx.doi.org/10.1103/PhysRevB.76.024414Co2CrGa.cif"">http://dx.doi.org/10.1103/PhysRevB.76.024414Co2CrGa.cif</a>",,,0.1247747050000001,0.343763018426347,1.554,85.15776058446308,600.9817957058477,0.750349,Cr,1.0004653333333333,100.0,6.165740615833339,8.220987487777785,7.057275714874729,225.0,Fm-3m,2.4684938520950266,2,4.0,154
155,MnCo2Al,MnCo2Al,heusler,,,697.0,"<a href=""http://dx.doi.org/10.1103/PhysRevB.76.024414Co2CrGa.cif"">http://dx.doi.org/10.1103/PhysRevB.76.024414Co2CrGa.cif</a>",,,0.31238972500000006,0.45803269860365153,2.702,112.60076686384554,811.5182709318692,1.0069854,Mn,1.3426472,57.16050968710685,2.742764039682536,3.657018719576715,7.207040356244997,225.0,Fm-3m,2.4634268846818026,2,4.0,155
156,VMn2Al,VMn2Al,heusler,,,760.0,"<a href=""http://dx.doi.org/10.1103/PhysRevB.76.024414Co2CrGa.cif"">http://dx.doi.org/10.1103/PhysRevB.76.024414Co2CrGa.cif</a>",,,0.058542577499999915,0.3774339122070746,1.418,59.47395362408514,379.33043548946114,0.49996225,Mn,0.6666163333333334,-96.57638173612104,1.5129566743870968,2.0172755658494625,6.378093474112739,225.0,Fm-3m,2.5134556567139716,2,4.0,156
157,ZrCo2Sn,ZrCo2Sn,heusler,,,448.0,"<a href=""http://dx.doi.org/10.1016/0304-8853(83)90079-3"">http://dx.doi.org/10.1016/0304-8853(83)90079-3</a>",,,0.04531755749999977,0.24258572389384614,1.076,34.05101275199825,299.7793703910679,0.499639,Co,0.999278,100.0,1.2762372350840288,2.5524744701680575,8.803831256780333,225.0,Fm-3m,3.1384769999999973,1,4.0,157
158,HfCo2Sn,HfCo2Sn,heusler,,,394.0,"<a href=""http://dx.doi.org/10.1016/0304-8853(83)90079-3"">http://dx.doi.org/10.1016/0304-8853(83)90079-3</a>",,,0.03502003000000009,0.24625714980837418,1.064,26.88578496442461,304.11973127857186,0.499524875,Co,0.99904975,13.09997975856803,1.1761279902469126,2.3522559804938252,11.31154369050353,225.0,Fm-3m,3.1232369099999975,1,4.0,158
159,NbCo2Sn,NbCo2Sn,heusler,,,105.0,"<a href=""http://dx.doi.org/10.1016/0304-8853(83)90079-3"">http://dx.doi.org/10.1016/0304-8853(83)90079-3</a>",,,0.023800707500000406,0.13106843756307832,0.853,28.982902626440833,270.03327269917696,0.427456,Co,0.854912,-75.04513293419271,1.9881368618902289,3.9762737237804577,9.316985126701152,225.0,Fm-3m,3.0850257999999995,1,4.0,159
160,CrFe2Al,CrFe2Al,heusler,,,210.0,"<a href=""http://dx.doi.org/10.1016/0038-1098(76)91292-8"">http://dx.doi.org/10.1016/0038-1098(76)91292-8</a>",,,0.001685544999999955,0.17953416463880023,0.227,5.037019428424389,35.272144228054046,0.04299,Cr,0.05732,38.21549252111646,1.7567778318321166,2.342370442442822,7.0025825250960745,225.0,Fm-3m,2.4487432247747933,2,4.0,160
161,Fe3Al,Fe3Al,heusler,,,400.0,"<a href=""http://dx.doi.org/10.1016/0038-1098(76)91292-8"">http://dx.doi.org/10.1016/0038-1098(76)91292-8</a>",,,0.23794185750000008,1.2331755692847053,2.405,169.867114001277,1168.87640209121,1.479049375,Fe,1.9720658333333334,-51.719821070853925,2.82531689454548,3.7670891927273065,6.881122393604819,225.0,Fm-3m,2.4795302633345027,2,4.0,161
162,MnGeP2,MnGeP2,chalcopyrite,,,320.0,"<a href=""http://dx.doi.org/10.1016/j.ssc.2003.11.040"">http://dx.doi.org/10.1016/j.ssc.2003.11.040</a>",,,0.05495536000000012,1.5886960535722607,3.149,98.9279476849902,388.93609491235173,0.83927375,Mn,3.357095,-1.1571045955292425,1.118574537968751,4.474298151875004,3.931508780014476,122.0,I-42d,3.824276736679514,1,8.0,162
163,MnGeAs2,MnGeAs2,chalcopyrite,,,340.0,"<a href=""http://dx.doi.org/10.1016/j.ssc.2003.11.040"">http://dx.doi.org/10.1016/j.ssc.2003.11.040</a>",,,0.17869926125000024,1.8236016963423618,3.76,83.5708485510906,404.68873343211067,1.0377944875,Mn,4.15117795,-27.869414055475968,1.2731524942299135,5.092609976919654,4.842462897629983,122.0,I-42d,4.0607432623608855,1,8.0,163
164,HgCr2S4,HgCr2S4,spinel,,,36.0,"<a href=""http://dx.doi.org/10.1109/TMAG.1969.1066666"">http://dx.doi.org/10.1109/TMAG.1969.1066666</a>",,,0.3578810292857142,1.2313728462648932,2.933,77.31786753463503,403.81975979138815,0.8560285428571428,Cr,2.9960999,96.14623631545051,1.70904110922207,5.981643882277245,5.222851750411954,227.0,Fd-3m,3.650693153682217,1,14.0,164
165,HgCr2Se4,HgCr2Se4,spinel,,,106.0,"<a href=""http://dx.doi.org/10.1109/TMAG.1969.1066666"">http://dx.doi.org/10.1109/TMAG.1969.1066666</a>",,,0.3908253764285711,1.129453278784536,3.013,53.931435706201356,344.58249592686275,0.8558705714285715,Cr,2.995547,99.29076682538536,2.2793209902357146,7.977623465825001,6.389269846328986,227.0,Fd-3m,3.848694139848777,1,14.0,165
